Crime ID,Month,Reported by,Falls within,Longitude,Latitude,Location,LSOA code,LSOA name,Outcome type
59a1137825dc318ad60091eb560ba3bf1785c8889cf59054a7dc58b51147677d,2013-06,City of London Police,City of London Police,-0.090348473298,51.5193579343,On or near MOOR LANE,E01000002,City of London 001B,Suspect charged
ba9637a80fcf39c47d7134d8df1d2d21a0689113fb9b56e4f0a7fa64b8dd3097,2013-06,City of London Police,City of London Police,,,No location,,,Suspect charged
459ac8b99d16eea3a36c31c016d0ee002ad42586901dbf5a06b72c4307eabcec,2013-06,City of London Police,City of London Police,,,No location,,,Suspect charged
24313122f0a8b7c0cf2e45add23b156ae0f9a317c5d33e1276ed97cb4b262dc8,2013-06,City of London Police,City of London Police,,,No location,,,Suspect charged
54c91ece1fccecc76e3f2aef4bf5ab2bb1531faf249dacd28b613927d666e970,2013-06,City of London Police,City of London Police,,,No location,,,Suspect charged
459ac8b99d16eea3a36c31c016d0ee002ad42586901dbf5a06b72c4307eabcec,2013-06,City of London Police,City of London Police,,,No location,,,Suspect charged
945adb12e0d90ec3ef2ba3e67ece874cedeef6dd291490bdc7ebe1e2f2213cb9,2013-06,City of London Police,City of London Police,-0.101575141944,51.5138568907,On or near LUDGATE HILL,E01032739,City of London 001F,Suspect charged
7bd082e6fdfd9d145d8458f871d4e6f7b8613baf77d1501c29f901d797dd0933,2013-06,City of London Police,City of London Police,,,No location,,,Suspect charged
5fa597cb1d8ab1321df7fbb36d4b17807678b222aa5e65d9cbae412392eab416,2013-06,City of London Police,City of London Police,,,No location,,,Suspect charged
459ac8b99d16eea3a36c31c016d0ee002ad42586901dbf5a06b72c4307eabcec,2013-06,City of London Police,City of London Police,,,No location,,,Suspect charged
a679ce099b349b2d99a509ad82cd74ecb6a3823a9d47aa3964f9626befb5431f,2013-06,City of London Police,City of London Police,-0.0803220229418,51.5106513168,On or near MARK LANE,E01032739,City of London 001F,Offender given a caution
586ad50fb2cac04e63026f4a183083b6bfab95362dec11f4dc9f5782d8a3d7c7,2013-06,City of London Police,City of London Police,-0.0807284323807,51.5116111816,On or near Supermarket,E01032739,City of London 001F,Offender given a caution
5537884e921b32883b9f3099d7bea75ad809669e679ca2e5ee1a59e07e0cf0f6,2013-06,City of London Police,City of London Police,-0.0840950262277,51.5168999015,On or near NEW BROAD STREET,E01032739,City of London 001F,No further action at this time
fd3d2ff4ac98fae86c469a12a6735e2f87eea129892350afb9b34065ec90fbf6,2013-06,City of London Police,City of London Police,-0.0784842301541,51.5176803949,On or near CATHERINE WHEEL ALLEY,E01032739,City of London 001F,No further action at this time
0463bff29d477f23cafb028d4033d388dc33b720ee4d27d07fd481d752990fa0,2013-06,City of London Police,City of London Police,-0.0963634922042,51.5133767457,On or near NEW CHANGE,E01032739,City of London 001F,No further action at this time
1ed94e5812b4dd8801d9ec94d663fb983c541e4e07cf16b2421706efe0eab035,2013-06,City of London Police,City of London Police,-0.0934925379789,51.5134470163,On or near BOW LANE,E01032739,City of London 001F,No further action at this time
5d88231028c2059660733713b2da390e70ac435f0f3609a2c9b49f564b8144ef,2013-06,City of London Police,City of London Police,-0.0918233817249,51.5144180463,On or near IRONMONGER LANE,E01032739,City of London 001F,No further action at this time
6d40ecbd0560fc08ee848331d898649eb5d4fb0f03b69032a5acc2fb69197c78,2013-06,City of London Police,City of London Police,-0.0876664974999,51.5111220108,On or near CANNON STREET,E01032739,City of London 001F,No further action at this time
f775684857fa734a204308bf6b77e614d2c9b5537192286c3b434c16ec66138d,2013-06,City of London Police,City of London Police,-0.0963634922042,51.5133767457,On or near NEW CHANGE,E01032739,City of London 001F,No further action at this time
540e0812979b25fc9668929a04401a1c56e90fe4389e69713a058b5804393faf,2013-06,City of London Police,City of London Police,-0.0963482103765,51.5154717633,On or near FOSTER LANE,E01000001,City of London 001A,No further action at this time
89ee43619d4aa78ccc703aa67ace135203eb052e77c7bd61d3541c4ba5aeb5be,2013-06,City of London Police,City of London Police,-0.08862087962,51.5186193821,On or near MOORFIELDS,E01000002,City of London 001B,No further action at this time
ea03ab44e05653a2120a5b6442201ba2e7fde73f242397a4a2b710e4128b6568,2013-06,City of London Police,City of London Police,-0.0846211144273,51.5102000359,On or near BOTOLPH LANE,E01032739,City of London 001F,No further action at this time
34d52ae11e9567d1e2bc514d0e00f04bd8b33cb4d083875391edf074669ccf47,2013-06,City of London Police,City of London Police,-0.104280827433,51.5160318875,On or near BEAR ALLEY,E01032740,City of London 001G,No further action at this time
6ddcce13e2d6d46542f576ad89054ee8c914bde94f4d8e8d8688ddfd0443ee63,2013-06,City of London Police,City of London Police,-0.0999331443638,51.519720421,On or near LINDSEY STREET,E01032740,City of London 001G,No further action at this time
e9a06a39b9f01aaaf44f629da71345af9c78d85c4a209087ad485c2967e861db,2013-06,City of London Police,City of London Police,-0.0980621229496,51.5175768478,On or near MONTAGUE STREET,E01000001,City of London 001A,No further action at this time
8849393ccf88a9786312f67c72c4848f6ad5b4f139d9ea0434cbd46db75fdadb,2013-06,City of London Police,City of London Police,,,No location,,,No further action at this time
27d157a5c27035a2c87c0439fd146899007632939479ae652a633bf12e489811,2013-06,City of London Police,City of London Police,-0.0963634922042,51.5133767457,On or near NEW CHANGE,E01032739,City of London 001F,Suspect charged
61cafa7d83ac75ab8f37ce3053d7a6f64c119f37ffc779b268635363fafb5e92,2013-06,City of London Police,City of London Police,-0.077601142553,51.5187989884,On or near STEWARD STREET,E01004307,Tower Hamlets 015B,Suspect charged
174194e2a22fc54e3a27aeaadccf149e9a1f9fc84a7d94721aa4b8d157735860,2013-06,City of London Police,City of London Police,-0.0862775522642,51.5098763656,On or near FISH STREET HILL,E01032739,City of London 001F,Suspect charged
e5f209d314d16005cc24a244c1df7ffbdd1b00a29b18d909ed474d19924af305,2013-06,City of London Police,City of London Police,-0.0798752442208,51.5109947137,On or near HART STREET,E01032739,City of London 001F,Suspect charged
b984078d7d5254616d4da27acc909b6187b210984fb048d80bd7c3ba79826556,2013-06,City of London Police,City of London Police,-0.102948345124,51.5127190706,On or near PLAYHOUSE YARD,E01032739,City of London 001F,Suspect charged
7517efe4addd8a8950dcaff9041cd76c414a8efa870e6c4f28bb4b148f7add79,2013-06,City of London Police,City of London Police,,,No location,,,Offender given a caution
0cf26f98c0cbe567fc36ebde62a0a8bd20edc08959ed4a41e212da8f2ac39392,2013-06,City of London Police,City of London Police,-0.0787176622837,51.5210384475,On or near NORTON FOLGATE,E01004307,Tower Hamlets 015B,Offender given a caution
1ae377b7c5870348fd1bb6c034597711208618900fa837e47ef19035f78c7b25,2013-06,City of London Police,City of London Police,-0.0846178942089,51.5126819337,On or near GRACECHURCH STREET,E01032739,City of London 001F,No further action at this time
3375e2099e135d6bb7d6e2db270e8f74bcce98a6d561abe83ca6404865bd2b44,2013-06,City of London Police,City of London Police,-0.0810910339878,51.5160144839,On or near CAMOMILE STREET,E01032739,City of London 001F,No further action at this time
a2825f980948de0f429afcb560657d398c3723533aaf1b871f93ecbcd2512049,2013-06,City of London Police,City of London Police,-0.0883927048793,51.5113316861,On or near ABCHURCH LANE,E01032739,City of London 001F,No further action at this time
ecfb72284403ae8330db6c74a061105b4ed69ce0aa1320560f2234b20385c09c,2013-06,City of London Police,City of London Police,-0.104494284875,51.509848464,On or near A201,E01032739,City of London 001F,No further action at this time
90e67b755a0800c92eb855c74078e86cb68721201644c3f5139360d50a7841ec,2013-06,City of London Police,City of London Police,-0.0856694716836,51.5151001183,On or near AUSTIN FRIARS,E01032739,City of London 001F,No further action at this time
509fae641c1bfd74d0954797ca9ec2f960194e1a7e1f6bb36290027a6c114746,2013-06,City of London Police,City of London Police,-0.112938620386,51.5182307917,On or near SOUTHAMPTON BUILDINGS,E01032740,City of London 001G,No further action at this time
23ffc183e5371d50fd6eb43db15cac7fc6ce5f011f4353880370effad4754851,2013-06,City of London Police,City of London Police,-0.0847012538818,51.5093200721,On or near LOWER THAMES STREET,E01032739,City of London 001F,Suspect charged
76e225ec43b07c6ff4030d8131b22b9cbde5538e250261c516fbda96b9e253ac,2013-06,City of London Police,City of London Police,-0.085355289067,51.510562734,On or near PUDDING LANE,E01032739,City of London 001F,Suspect charged
a75f9af2616cb6ccd1462faf051c4e7be0768af9422370f1754a9f4ef1721772,2013-06,City of London Police,City of London Police,-0.0774508115811,51.5155232272,On or near WHITE KENNETT STREET,E01000005,City of London 001E,No further action at this time
5efbd79ac55cb303bb3459d5003fed7906302107255e134d0567d91fe6477cf9,2013-06,City of London Police,City of London Police,-0.0876664974999,51.5111220108,On or near CANNON STREET,E01032739,City of London 001F,No further action at this time
1f400cbf8a476bcb5b1a66d9fbe14810ff74f358cfc359b60f182ae638940c19,2013-06,City of London Police,City of London Police,-0.0825117315599,51.5123867343,On or near LIME STREET,E01032739,City of London 001F,No further action at this time
d7306bac113ecd90e0b4e7c255c61abfab376dead2e2fe7b4702cecd09595bac,2013-06,City of London Police,City of London Police,-0.090348473298,51.5193579343,On or near MOOR LANE,E01000002,City of London 001B,No further action at this time
9c6e41ac7f07e036b14cdc0853cc90bc866bfdc02c1bc6c1d8c05b3f50005492,2013-06,City of London Police,City of London Police,-0.0847012538818,51.5093200721,On or near LOWER THAMES STREET,E01032739,City of London 001F,No further action at this time
f52f599dd4e5e58c790ae9e5fd46f59075675e74729577359327c9d86178a201,2013-06,City of London Police,City of London Police,-0.0973337157411,51.5215667178,On or near FANN STREET,E01000001,City of London 001A,No further action at this time
89921ac718a504f7701f7fd7db78c75935ebaed4999f6815a96dc9fcd27b207d,2013-06,City of London Police,City of London Police,-0.107148230403,51.5118786795,On or near TALLIS STREET,E01032740,City of London 001G,No further action at this time
62536e6f577a6e0440c5115a020ed5972bd66d7c9fab0cffb3fc06e51db04762,2013-06,City of London Police,City of London Police,-0.0930567556704,51.5200854312,On or near Theatre/Concert Hall,E01000002,City of London 001B,No further action at this time
014952b39ec20e396bb7386d99a126c6b7c68b7318d2dba49e000e8ca890f124,2013-06,City of London Police,City of London Police,-0.0772238150776,51.5161220087,On or near Shopping Area,E01000005,City of London 001E,No further action at this time
e5595a1e38e04df8aded6a7049842b70c03b0f6a647cc791189feab322192b26,2013-06,City of London Police,City of London Police,-0.0963634922042,51.5133767457,On or near NEW CHANGE,E01032739,City of London 001F,No further action at this time
79186dc0e5eb08c63dbce2351708583261e4a86c4caeb5bdf43052eb8f2994d2,2013-06,City of London Police,City of London Police,-0.107148230403,51.5118786795,On or near TALLIS STREET,E01032740,City of London 001G,No further action at this time
2b8ce414abab3cc31fedea676a33cf1419d7179aec650d705ac5f80348cc552d,2013-06,City of London Police,City of London Police,-0.105134456854,51.5138694855,On or near BRIDE LANE,E01032740,City of London 001G,No further action at this time
fe718b587dfe51cc245ee645b3db53dccc27d214eae28f769fea5ccd34a28ca6,2013-06,City of London Police,City of London Police,-0.0815404814768,51.5108061428,On or near MINCING LANE,E01032739,City of London 001F,No further action at this time
e55f74a230b8460697fd4fef9dfbd01facea24658ad4d530f5c7940945b31c4e,2013-06,City of London Police,City of London Police,-0.0815795584002,51.520509767,On or near PINDAR STREET,E01032739,City of London 001F,No further action at this time
b1d968d7729bd5743a6e018d40aa2341d1d30973e6bcd5330ee74d2fb2b15721,2013-06,City of London Police,City of London Police,-0.0825709103274,51.5147527486,On or near GREAT ST HELEN'S,E01032739,City of London 001F,No further action at this time
c525d6e98dfa886fa81bf2e0e256127b6122ac87c2eba60a7a080315bab27001,2013-06,City of London Police,City of London Police,-0.0860507491287,51.5135686116,On or near FINCH LANE,E01032739,City of London 001F,No further action at this time
21382fa34ab09694b55ce3733a57dc0d0973809bdca2f85c78cd308f9d7d1d55,2013-06,City of London Police,City of London Police,-0.102502498387,51.5161649972,On or near GREEN ARBOUR COURT,E01032740,City of London 001G,No further action at this time
3bc1085a6a3b524d3214887932c17eb92d76e3423b0cc62e69bf140d23470a97,2013-06,City of London Police,City of London Police,-0.0846178942089,51.5126819337,On or near GRACECHURCH STREET,E01032739,City of London 001F,No further action at this time
9389b1be1a0cc33ac560812e4d5fcf4b35ac6a46e9267df4a4b48141186e9f34,2013-06,City of London Police,City of London Police,-0.0791616637509,51.5149397635,On or near BEVIS MARKS,E01032739,City of London 001F,No further action at this time
325b1c63c287ef145c9296615f795fa15e46e1b5fc7e195810e6acc5a98ac1b2,2013-06,City of London Police,City of London Police,-0.0876664974999,51.5111220108,On or near CANNON STREET,E01032739,City of London 001F,No further action at this time
3cd136b5f32545169dbf045cd5ca0a402644d7329a3bf762d637375e107818ac,2013-06,City of London Police,City of London Police,-0.0831500534591,51.5109133936,On or near ROOD LANE,E01032739,City of London 001F,No further action at this time
61a6e0860310f9a0507a559a2bc77f97b75d784aee4ce15ecdc72227cc8d10c7,2013-06,City of London Police,City of London Police,-0.0887268548384,51.513333482,On or near Pedestrian Subway,E01032739,City of London 001F,No further action at this time
5c78521b85f7e1b7d5ab3d7e87902c124f21a12feb290b122193ac1a39e68f48,2013-06,City of London Police,City of London Police,-0.0825709103274,51.5147527486,On or near GREAT ST HELEN'S,E01032739,City of London 001F,No further action at this time
66b358bbf8cbd9b931e5ffb15f2fdd2d7628143164663997609b825317f9c24c,2013-06,City of London Police,City of London Police,-0.0825709103274,51.5147527486,On or near GREAT ST HELEN'S,E01032739,City of London 001F,No further action at this time
eae1213ba113fbe4bc0a98613a55e0ccdc19ad204fe660e029430cacdc1289fb,2013-06,City of London Police,City of London Police,-0.0884725947854,51.5183741664,On or near MOOR PLACE,E01032739,City of London 001F,No further action at this time
df617edb2aa6aff3bd81fafefcdf0f4ded98df130e985e5d17edbd24475a7289,2013-06,City of London Police,City of London Police,-0.0836949577629,51.5123521175,On or near LIME STREET PASSAGE,E01032739,City of London 001F,No further action at this time
a1d9b6091e528069ec02052334075c2133cafef23cbaf4f5ae3f6565676aa628,2013-06,City of London Police,City of London Police,-0.0774508115811,51.5155232272,On or near WHITE KENNETT STREET,E01000005,City of London 001E,No further action at this time
deba7ad58c2e5fe747f60727ac87382a8df04c297fd54a06df41e9b9149d0003,2013-06,City of London Police,City of London Police,-0.106679606403,51.5158817905,On or near Parking Area,E01032740,City of London 001G,No further action at this time
b3b57e9132ed75bb3803ba984ba6c0805875f9d716614bff84b8f052958c9fff,2013-06,City of London Police,City of London Police,-0.111497469607,51.5182255818,On or near Pedestrian Subway,E01000914,Camden 028B,No further action at this time
47de9b956a8635c05a34cfd17f316832fc6c197e6219b6c9ad0491665ef20797,2013-06,City of London Police,City of London Police,-0.0829132969499,51.5134634151,On or near LEADENHALL STREET,E01032739,City of London 001F,No further action at this time
6640c995c51c0e5c401fe9c95a3a285dfa01fc9b68206852479fbd75a08a2f7d,2013-06,City of London Police,City of London Police,-0.106922121167,51.5142040995,On or near FLEET STREET,E01032740,City of London 001G,No further action at this time
aaf87f3b65035e6d661d0c821888f7d8b52ef72b18566eb4ba14fe3f36fc7e2f,2013-06,City of London Police,City of London Police,-0.0794441525834,51.5126782602,On or near FENCHURCH BUILDINGS,E01032739,City of London 001F,No further action at this time
0c368cb03bd813794a8526b0273c9f7a8d16e66a416b97d886006bc3baffc7ce,2013-06,City of London Police,City of London Police,-0.0786654146648,51.5099497461,On or near MUSCOVY STREET,E01032739,City of London 001F,No further action at this time
d9eaebe5a46a05e096c1eebe95bde541958c8b45e26682c21cb2a54731f0b552,2013-06,City of London Police,City of London Police,-0.0755082924194,51.5147629707,On or near Pedestrian Subway,E01000005,City of London 001E,No further action at this time
4cfa2957fe63d4360134fbf78195bce5daf4f85de8365a7478f92659e405d5ac,2013-06,City of London Police,City of London Police,-0.0947202041187,51.514420177,On or near WOOD STREET,E01032739,City of London 001F,No further action at this time
31b819c18e5383efb427a9a400b778354f488b10616b2509fffede870d5d5f45,2013-06,City of London Police,City of London Police,-0.111497469607,51.5182255818,On or near Pedestrian Subway,E01000914,Camden 028B,No further action at this time
911547d780fc69a6105e80eb9287a29d281a99c4f22d1e4529eb63e1371370cc,2013-06,City of London Police,City of London Police,-0.0866241195247,51.511923334,On or near CLEMENT'S LANE,E01032739,City of London 001F,No further action at this time
3f542718033b2c1aea424601648af84ecfb8feaafdb0bf5c4076d6185df36e65,2013-06,City of London Police,City of London Police,-0.098642207719,51.5171456179,On or near LITTLE BRITAIN,E01000001,City of London 001A,No further action at this time
7e6d13d86bcde674195d07556a44074d1c3a682f9f1deee1595351084b512894,2013-06,City of London Police,City of London Police,-0.0794481913409,51.5115542539,On or near FENCHURCH PLACE,E01032739,City of London 001F,No further action at this time
355ad1ed89e932226058306c362979e743173429e5b1ec33c4080438cc420aea,2013-06,City of London Police,City of London Police,-0.113766859544,51.5173718384,On or near STONE BUILDINGS,E01000914,Camden 028B,No further action at this time
3b8af928b44455fdfa24665d6a0a32514fc5f5718c52a1e47ba6163e57656894,2013-06,City of London Police,City of London Police,-0.0939330329074,51.5198119128,On or near Conference/Exhibition Centre,E01000002,City of London 001B,No further action at this time
b4a97c4523d8723c7996a5d5c58f4c378ef0865a7ea93ea91ee4dd97d0b87609,2013-06,City of London Police,City of London Police,-0.0871183119346,51.5131993475,On or near Nightclub,E01032739,City of London 001F,No further action at this time
73e8b91afdf4c9e43e1a264376173f4fa4458efe91285eb7eda1a028d110c83a,2013-06,City of London Police,City of London Police,-0.090348473298,51.5193579343,On or near MOOR LANE,E01000002,City of London 001B,No further action at this time
f0f62a36413fd1f5412e54b8d228e1caa7914f4d0511868ce0fa86eab447ce10,2013-06,City of London Police,City of London Police,-0.0775778123528,51.5107952118,On or near PEPYS STREET,E01032739,City of London 001F,No further action at this time
224cda893086ab7d654f93b00d45ebc2a51ced8b71c0437bcafdac7c05921c68,2013-06,City of London Police,City of London Police,-0.0842006113916,51.5109485441,On or near PHILPOT LANE,E01032739,City of London 001F,No further action at this time
aab115085a09a572816d50d6e264881167798730be8c070886604098dc9adeff,2013-06,City of London Police,City of London Police,-0.0980621229496,51.5175768478,On or near MONTAGUE STREET,E01000001,City of London 001A,No further action at this time
2a42fb226e2cfc55a315e284f20ba930264bbfed5d2d80c4d398c0795d9b79f6,2013-06,City of London Police,City of London Police,-0.104280827433,51.5160318875,On or near BEAR ALLEY,E01032740,City of London 001G,No further action at this time
5f151b7f22124978a0ba0cce0a08eeafb4c85a0c711bc4de2f08ea38f22ee50c,2013-06,City of London Police,City of London Police,-0.0937960487578,51.5123908273,On or near Pedestrian Subway,E01032739,City of London 001F,No further action at this time
12c1320bddd7b04175000db24f606835c81f8a8d2def314078ffe9d20833c5b5,2013-06,City of London Police,City of London Police,-0.0770286220095,51.5101477351,On or near TRINITY SQUARE,,,No further action at this time
25914312cbd53e1418e15025ccb33e5b930a7b8a50aa8aea365462edfe57504f,2013-06,City of London Police,City of London Police,-0.0849798828485,51.5160780435,On or near GREAT WINCHESTER STREET,E01032739,City of London 001F,No further action at this time
b755a9cd4baeb4e96e637d02c9c18318c5cbda1c65b7985722ba32ea2115600a,2013-06,City of London Police,City of London Police,-0.0846178942089,51.5126819337,On or near GRACECHURCH STREET,E01032739,City of London 001F,No further action at this time
4e16f36b52a7bed56065e1f766499b79a3c2fb4d3f5b9550471744292cd8d179,2013-06,City of London Police,City of London Police,-0.0829132969499,51.5134634151,On or near LEADENHALL STREET,E01032739,City of London 001F,No further action at this time
2b20537ef590e588b6b283d5b5d084a53717bdb63b124a482907ff80d2a0b4bb,2013-06,City of London Police,City of London Police,-0.0815160980276,51.510014397,On or near GREAT TOWER STREET,E01032739,City of London 001F,No further action at this time
083b7ccf5232c40222c8392b3819c673f69ad5627fcbac08bd87ff8705621d9d,2013-06,City of London Police,City of London Police,-0.104973471795,51.5128866969,On or near BRIDEWELL PLACE,E01032740,City of London 001G,No further action at this time
ec1439da4d72654f2161baebdfec6feae0680c76b12168b5dc446f4a41fd66c3,2013-06,City of London Police,City of London Police,-0.0871183119346,51.5131993475,On or near Nightclub,E01032739,City of London 001F,No further action at this time
954ec8ff12b5674ed32491e8cefc76388b10b63aba107d280a208a895f9ce675,2013-06,City of London Police,City of London Police,-0.0972232557482,51.5152251784,On or near ST MARTIN'S LE GRAND,E01000001,City of London 001A,No further action at this time
4a56ffef35a941f7d07759dfd3ee9cbd371bd28e6c630ff32645a3881da0f9a7,2013-06,City of London Police,City of London Police,-0.0783068618498,51.5136757928,On or near MITRE STREET,E01032739,City of London 001F,No further action at this time
c2f67cc397ab10b1acafdf8e3a8101d5cfe6c5c64cc3f355763619b3a41d07e3,2013-06,City of London Police,City of London Police,,,No location,,,No further action at this time
c36d3ec0407cfe2053621ad187c29d000347cd6d8d59b3cb11c46617cef3f30c,2013-06,City of London Police,City of London Police,-0.090348473298,51.5193579343,On or near MOOR LANE,E01000002,City of London 001B,No further action at this time
f1c821935a4b7ecf3beb129fddb242485da843f37ac508e818854621b850a49d,2013-06,City of London Police,City of London Police,-0.0762697718271,51.5155038619,On or near GRAVEL LANE,E01000005,City of London 001E,No further action at this time
81e223f0f1ac3e8c71bbbccd109e177ebf6b735c858f229dd81943a31b30e1b4,2013-06,City of London Police,City of London Police,-0.0845663458739,51.5176899528,On or near BLOMFIELD STREET,E01032739,City of London 001F,No further action at this time
7f0ae872907dbe02bb5825bb438e2f489b110d9efc16e7f963ae7ebb0b8d5e06,2013-06,City of London Police,City of London Police,-0.0845663458739,51.5176899528,On or near BLOMFIELD STREET,E01032739,City of London 001F,No further action at this time
5f118fc4c1b061cee4a7b6a998d7adbac8901e52d066c680a799f0eed408380f,2013-06,City of London Police,City of London Police,-0.105134456854,51.5138694855,On or near BRIDE LANE,E01032740,City of London 001G,No further action at this time
1954a94a5bb3122a8c4da48ce1fa7c2b1c929494fbd0aa705ededd30ddd94187,2013-06,City of London Police,City of London Police,-0.0792832700003,51.5110209909,On or near SEETHING LANE,E01032739,City of London 001F,No further action at this time
93215b451a5d5a06a0584b77170e7e4ee7c2bec2933f5d09ea7040293987842b,2013-06,City of London Police,City of London Police,-0.0889951663384,51.5120878872,On or near ST SWITHIN'S LANE,E01032739,City of London 001F,No further action at this time
1e06e2f514403bb3a8a0b5269bed3c1e07521a73c43d1fd6ffdbc0ab0bfa1b4b,2013-06,City of London Police,City of London Police,-0.0776366054781,51.511452634,On or near CRUTCHED FRIARS,E01032739,City of London 001F,No further action at this time
21ec0947e23ebac87f3662eb85cfcd1bfcbbfadc86d8f36493161fe249e663a8,2013-06,City of London Police,City of London Police,-0.108230657134,51.5139284587,On or near PLEYDELL STREET,E01032740,City of London 001G,No further action at this time
60e3f7b8c6cc642f5685cd6c00315fb8ef3bcd586f5b659e436e7de01ad93763,2013-06,City of London Police,City of London Police,-0.100973996887,51.5144496599,On or near AMEN CORNER,E01032739,City of London 001F,No further action at this time
712c48509864753a506260730d27c0f98a1216fbf47c68b2e810ba2e02bc22f1,2013-06,City of London Police,City of London Police,-0.0749575699947,51.51415143,On or near ALDGATE HIGH STREET,E01000005,City of London 001E,No further action at this time
518cf2f1d4d75e405312974719d252cf8e3921c04a0cd351b0ac3e39bbae4cac,2013-06,City of London Police,City of London Police,-0.0851734286967,51.5186800548,On or near FINSBURY AVENUE,E01032739,City of London 001F,No further action at this time
663b9fe4ecd335506cb2a22c9ce3969f4d7af8fd962940999b4ca048e957bd39,2013-06,City of London Police,City of London Police,-0.106679606403,51.5158817905,On or near Parking Area,E01032740,City of London 001G,No further action at this time
1f736fcaa59a8e8365b9404ef252c77918432db8e61ac61adde1e90917628b92,2013-06,City of London Police,City of London Police,-0.0794441525834,51.5126782602,On or near FENCHURCH BUILDINGS,E01032739,City of London 001F,No further action at this time
d0fabd0a7d37b9d5b9d07f48e49cf64759127588f0634d18770e1e992a15b670,2013-06,City of London Police,City of London Police,-0.091150840739,51.5149916191,On or near GRESHAM STREET,E01032739,City of London 001F,No further action at this time
63f589473117c8006227660e4a88d2ce9579e6a345aa2cbb38e1fcdae4e1d962,2013-06,City of London Police,City of London Police,-0.0803184283587,51.5206779772,On or near PRIMROSE STREET,E01032739,City of London 001F,Offender given a caution
8790047e7a36b0dc6c544fd4118d6db69054e0c1fbdc34d04743f58d6dbeb981,2013-06,City of London Police,City of London Police,-0.0803184283587,51.5206779772,On or near PRIMROSE STREET,E01032739,City of London 001F,Offender given a caution
bb87304b1a2973e91fed6c317825d2bdfbddd3d1999b020a458780f6a838c718,2013-06,City of London Police,City of London Police,-0.092718659473,51.5126520812,On or near QUEEN VICTORIA STREET,E01032739,City of London 001F,Offender given a caution
494999eaafdf3d5260b8f4ac3e077079e3f309643a83eb42f4a8d3f0753b543c,2013-06,City of London Police,City of London Police,-0.0849673133383,51.5125977138,On or near BELL INN YARD,E01032739,City of London 001F,Offender given a caution
15f35c6f87616e56f9152bff04a40cdb68a1b4572c0c026308dd9a113e440151,2013-06,City of London Police,City of London Police,-0.0830861015641,51.51140694,On or near ROOD LANE,E01032739,City of London 001F,Offender given penalty notice
15f35c6f87616e56f9152bff04a40cdb68a1b4572c0c026308dd9a113e440151,2013-06,City of London Police,City of London Police,-0.0830861015641,51.51140694,On or near ROOD LANE,E01032739,City of London 001F,Offender given penalty notice
9c6c6d862f8d8da818bb6560f51ab3fa0423c57b971203ca4b3734ce37103ecf,2013-06,City of London Police,City of London Police,-0.0866241195247,51.511923334,On or near CLEMENT'S LANE,E01032739,City of London 001F,Offender given a caution
271fd8272fc717329f6daf8fab5202e3bc197c8ea121716fff1d6015a40b25f0,2013-06,City of London Police,City of London Police,-0.0815160980276,51.510014397,On or near GREAT TOWER STREET,E01032739,City of London 001F,Offender given a caution
e8fe1ae29422e6c2cb207363b8fa2dc47e9a2926988b1a1c671591ad96c40aed,2013-06,City of London Police,City of London Police,-0.0783083905946,51.5180911724,On or near WIDEGATE STREET,E01032739,City of London 001F,Offender given a caution
0e6b2b957e253472850a247adc0e50d5c92ae8738254d48fc9f878a006072d53,2013-06,City of London Police,City of London Police,-0.079785848322,51.5175758156,On or near Police Station,E01032739,City of London 001F,Offender given a caution
db7c9813b8b8b0327834858ba46b8e130864acd79fbf13fbe28f3036de207137,2013-06,City of London Police,City of London Police,-0.0917195405381,51.5134541527,On or near Supermarket,E01032739,City of London 001F,Offender given a caution
9cc6478160f7eb273c963dbc96dfffb69b9b29fe884392b0170a78bbbc794a05,2013-06,City of London Police,City of London Police,-0.0830861015641,51.51140694,On or near ROOD LANE,E01032739,City of London 001F,Offender given a caution
25916ec7da64d4f5f08d30c8eaf038684b2361b00b9c1a57efadafa4fa08786a,2013-06,City of London Police,City of London Police,-0.104494284875,51.509848464,On or near A201,E01032739,City of London 001F,Offender given a caution
1173f18fecc2b754f137e772ecddec80e1bce4a118d4989a48b8a88d08a6bfc6,2013-06,City of London Police,City of London Police,-0.0770286220095,51.5101477351,On or near TRINITY SQUARE,,,Offender given a caution
5db5749d6cb630f1fae56d80fdbd8466cfff7afb6876fa2c8dc9c072176bdc94,2013-06,City of London Police,City of London Police,-0.08419887533,51.5133944957,On or near CORNHILL,E01032739,City of London 001F,Offender given a caution
af1c43b67329ff5858636a8c021deb559ea46dad959813a271611f259360fa1e,2013-06,City of London Police,City of London Police,-0.0787176622837,51.5210384475,On or near NORTON FOLGATE,E01004307,Tower Hamlets 015B,Offender given a caution
57a10412143a00158613dd36f6f63701da65713b8e002b89de26368714d6cc3b,2013-06,City of London Police,City of London Police,-0.0787176622837,51.5210384475,On or near NORTON FOLGATE,E01004307,Tower Hamlets 015B,Offender given a caution
b325df06e14f72f424e214d3d18699a80b6f11392c63c6ca5d74ad6de3569a0f,2013-06,City of London Police,City of London Police,-0.0803763505492,51.5172437639,On or near Supermarket,E01032739,City of London 001F,Offender given a caution
b3fe793e408fca6cae0fa623e21dbe6219c5a478f863ada5a9f0d657ab823380,2013-06,City of London Police,City of London Police,-0.0847230293633,51.5149857487,On or near Conference/Exhibition Centre,E01032739,City of London 001F,Offender given penalty notice
4567fd0dd9a922eaddea19d98906e199c57e77fe025acdb7a2ce0b4de2377c97,2013-06,City of London Police,City of London Police,-0.0825709103274,51.5147527486,On or near GREAT ST HELEN'S,E01032739,City of London 001F,Offender given a caution
2dfa0315c03ad969e0c615c0df350aaa7773d395b97415fd28af72297ad34538,2013-06,City of London Police,City of London Police,-0.0825709103274,51.5147527486,On or near GREAT ST HELEN'S,E01032739,City of London 001F,Offender given a caution
03e820c2d9ce335418257f0a380166d7a686a269409ec8a8a6396eefcb8dea9c,2013-06,City of London Police,City of London Police,-0.0866241195247,51.511923334,On or near CLEMENT'S LANE,E01032739,City of London 001F,Offender given a caution
03e820c2d9ce335418257f0a380166d7a686a269409ec8a8a6396eefcb8dea9c,2013-06,City of London Police,City of London Police,-0.0866241195247,51.511923334,On or near CLEMENT'S LANE,E01032739,City of London 001F,Offender given a caution
8f174218dd7a79b856a03646669023ee183390074da01389e43cf2a94c51d926,2013-06,City of London Police,City of London Police,-0.0801455863071,51.5148479625,On or near BURY COURT,E01032739,City of London 001F,Offender given a caution
cace008ad56dd50229b2fa8f9053421fdce374d8901c6f281eb2d6c2db7fb006,2013-06,City of London Police,City of London Police,-0.0825709103274,51.5147527486,On or near GREAT ST HELEN'S,E01032739,City of London 001F,Offender given a caution
935f80cc6925c2c4bb27694b61fe824aa91d38d02f5097e0aefedf07ca62ef7b,2013-06,City of London Police,City of London Police,-0.079785848322,51.5175758156,On or near Police Station,E01032739,City of London 001F,Offender given a caution
c93cb316e71c1e513acfbe2512e5d0e28e827d678434b26e82a78a91b55fb764,2013-06,City of London Police,City of London Police,-0.0815160980276,51.510014397,On or near GREAT TOWER STREET,E01032739,City of London 001F,Offender given a caution
a9ebbf3131c20d685d3160c9e017a0122585300cc8ce7d0241ba39d4dcc2ed28,2013-06,City of London Police,City of London Police,-0.079785848322,51.5175758156,On or near Police Station,E01032739,City of London 001F,Offender given a caution
d74f67ea82fac4026fc97ff946cf5d333e5e565da4db272316de412ddb848b14,2013-06,City of London Police,City of London Police,-0.0772997626174,51.5126071555,On or near CARLISLE AVENUE,E01032739,City of London 001F,Offender given a caution
5fee9587b59e99e3c31095ee3fcb8a778ca0a06a9c29e69f29572e15abdee0cd,2013-06,City of London Police,City of London Police,-0.102929537239,51.5183750784,On or near WEST SMITHFIELD,E01032740,City of London 001G,Suspect charged
8450a0fd4f0641bb7e1a7f9e1394cb0f2209bf637939e8555f8e8ba64d2926bd,2013-06,City of London Police,City of London Police,-0.079785848322,51.5175758156,On or near Police Station,E01032739,City of London 001F,Suspect charged
11e2ba2f7b06d5b067d312f1f6b7152d47ac571ba3522b784eaf207ff2f9f879,2013-06,City of London Police,City of London Police,-0.0917195405381,51.5134541527,On or near Supermarket,E01032739,City of London 001F,Suspect charged
494999eaafdf3d5260b8f4ac3e077079e3f309643a83eb42f4a8d3f0753b543c,2013-06,City of London Police,City of London Police,-0.0849673133383,51.5125977138,On or near BELL INN YARD,E01032739,City of London 001F,Offender given a caution
ccb928f98d2a481f28b2fb4a4daf4dfa55fbdc772544153d37339a8f1bf94eab,2013-06,City of London Police,City of London Police,-0.0824584436402,51.5174306959,On or near LIVERPOOL STREET,E01032739,City of London 001F,Suspect charged
4ee98e2e4213de8b403fd3ceb36851cfecce1e9a29ce4ca9cb7b6306488e1b86,2013-06,City of London Police,City of London Police,-0.101073091923,51.5134530911,On or near CREED LANE,E01032739,City of London 001F,Suspect charged
459ac8b99d16eea3a36c31c016d0ee002ad42586901dbf5a06b72c4307eabcec,2013-06,City of London Police,City of London Police,,,No location,,,Suspect charged
54c91ece1fccecc76e3f2aef4bf5ab2bb1531faf249dacd28b613927d666e970,2013-06,City of London Police,City of London Police,,,No location,,,Suspect charged
459ac8b99d16eea3a36c31c016d0ee002ad42586901dbf5a06b72c4307eabcec,2013-06,City of London Police,City of London Police,,,No location,,,Suspect charged
9b034026677e04303e49fc23547c100cf1ec6ae80eb7f7308317325247d5b91f,2013-06,City of London Police,City of London Police,-0.079785848322,51.5175758156,On or near Police Station,E01032739,City of London 001F,Suspect charged
3a37019e09c35fdd0e528223d20f939b161f7c4c74715af27726197ba831ca65,2013-06,City of London Police,City of London Police,-0.079785848322,51.5175758156,On or near Police Station,E01032739,City of London 001F,Suspect charged
f6052d7d6021ae25d66c1130b3d837a0db7457468e0ab99045366583de985e38,2013-06,City of London Police,City of London Police,-0.09070974637,51.5131319715,On or near QUEEN VICTORIA STREET,E01032739,City of London 001F,Suspect charged
facf86cb7a961f123c0838f695482609b86aab4edf3036d37110010fb369dfbc,2013-06,City of London Police,City of London Police,-0.09070974637,51.5131319715,On or near QUEEN VICTORIA STREET,E01032739,City of London 001F,Suspect charged
fe532ecb3d7209a987415fd81adb49799a83f3a432fd7121dfaf7d6c7d8f8516,2013-06,City of London Police,City of London Police,-0.101575141944,51.5138568907,On or near LUDGATE HILL,E01032739,City of London 001F,Suspect charged
4101d9b1422fb51e792153c045a0424bcd62b14bca5d01225592ddeb36eeb41a,2013-06,City of London Police,City of London Police,-0.101054578507,51.5135517094,On or near CREED LANE,E01032739,City of London 001F,Suspect charged
5fa597cb1d8ab1321df7fbb36d4b17807678b222aa5e65d9cbae412392eab416,2013-06,City of London Police,City of London Police,,,No location,,,Suspect charged
458ee048875df0fb9bdebef7788a40572f46303063f02c0df37451414ee55290,2013-06,City of London Police,City of London Police,-0.102929537239,51.5183750784,On or near WEST SMITHFIELD,E01032740,City of London 001G,Suspect charged
8140be56ecacdcf9629f8981a3db9cfad61d9ea2b1a9efd3e40ddf3f61c9c96c,2013-06,City of London Police,City of London Police,-0.0830861015641,51.51140694,On or near ROOD LANE,E01032739,City of London 001F,Suspect charged
38df3dcde5d6c42af4742a755cd278a03ba59e432b8fb314c66f7238befb19b0,2013-06,City of London Police,City of London Police,-0.0896984899409,51.5118115827,On or near OXFORD COURT,E01032739,City of London 001F,Suspect charged
ccff2e3dfc6729d729c16b6f3c026e7b0a94e45605fd3d1df83579ab8debcb20,2013-06,City of London Police,City of London Police,-0.0790110063644,51.509613689,On or near Pedestrian Subway,E01032739,City of London 001F,Suspect charged
c7c1ba62334dbe6c5cee5062c469fd98659ea3e10106a166d93d6ccb55516850,2013-06,City of London Police,City of London Police,-0.0976446871061,51.515142089,On or near ST MARTIN'S LE GRAND,E01032739,City of London 001F,Suspect charged
7b3da5aec9135ace43744d1b8f1e6342ffae195283dfafac2e6fb177b966eb5a,2013-06,City of London Police,City of London Police,-0.0834165551146,51.5131479074,On or near WHITTINGTON AVENUE,E01032739,City of London 001F,Suspect charged
4d206d54e58663b07a3d132373ea78ec9501a48ef7fb0188fd877cb099be0d6a,2013-06,City of London Police,City of London Police,-0.088233289952,51.5154836537,On or near TOKENHOUSE YARD,E01032739,City of London 001F,Suspect charged
e1b74a92cbc0e8dacf026b77d4b9ca6a7160462491ec39e84e6026a31742eb0a,2013-06,City of London Police,City of London Police,-0.0816195284787,51.5168144754,On or near ALDERMAN'S WALK,E01032739,City of London 001F,Suspect charged
ad21f09d4165d51c8745fea2cfa1bb2ae6998b128f23dad5c256d3d00f9e604c,2013-06,City of London Police,City of London Police,-0.0839926537756,51.5114397386,On or near PHILPOT LANE,E01032739,City of London 001F,Suspect charged
1d511470842b7c7bed94216af6c7211010250e62a78ce32308f7cb40f1474fd8,2013-06,City of London Police,City of London Police,-0.0803763505492,51.5172437639,On or near Supermarket,E01032739,City of London 001F,Suspect charged
c8e39b362ecbfc2f8ed4d07fa20d488f1093800c6e1855fc6a9b293b9de0ad1d,2013-06,City of London Police,City of London Police,-0.0829132969499,51.5134634151,On or near LEADENHALL STREET,E01032739,City of London 001F,Suspect charged
9cf3376f29c2e4740477cceee5ccead0a20701ef0ce966f035590ea5569fcb57,2013-06,City of London Police,City of London Police,-0.0830861015641,51.51140694,On or near ROOD LANE,E01032739,City of London 001F,Suspect charged
bad44349d8726b40d7efa7dd685d959c9ef0eb74f58865f0f5e0cc2c3fd605e8,2013-06,City of London Police,City of London Police,-0.079785848322,51.5175758156,On or near Police Station,E01032739,City of London 001F,Suspect charged
4d206d54e58663b07a3d132373ea78ec9501a48ef7fb0188fd877cb099be0d6a,2013-06,City of London Police,City of London Police,-0.088233289952,51.5154836537,On or near TOKENHOUSE YARD,E01032739,City of London 001F,Suspect charged
75fd886cba678d996675be6e38ac3179919ac64f5fbe0d50362b367c3cb822d8,2013-06,City of London Police,City of London Police,-0.0866241195247,51.511923334,On or near CLEMENT'S LANE,E01032739,City of London 001F,Suspect charged
5807a2a6d1e88fce235f988bf0ca388ac7ef3849d5e1a94277fdc7b25fd091f6,2013-06,City of London Police,City of London Police,-0.0788561452973,51.5184328707,On or near ARTILLERY LANE,E01032739,City of London 001F,Suspect charged
76f7adb0c53e18b1343547f8869211953768321e8dd1297f13a3f69de5c64365,2013-06,City of London Police,City of London Police,-0.111132301456,51.5124195149,On or near MIDDLE TEMPLE LANE,E01032740,City of London 001G,Suspect charged
f0b66290cc27decb0b173edd1ff5f44d6b79d8514ad7c13fa797a59aae9a8059,2013-06,City of London Police,City of London Police,-0.098642207719,51.5171456179,On or near LITTLE BRITAIN,E01000001,City of London 001A,Suspect charged
ad21f09d4165d51c8745fea2cfa1bb2ae6998b128f23dad5c256d3d00f9e604c,2013-06,City of London Police,City of London Police,-0.0839926537756,51.5114397386,On or near PHILPOT LANE,E01032739,City of London 001F,Suspect charged
9bbb0ae710e672cf8245f304a66204525927b7c8eb199dd2c9f1f0e0e3a8a957,2013-06,City of London Police,City of London Police,-0.0830861015641,51.51140694,On or near ROOD LANE,E01032739,City of London 001F,Suspect charged
7203144fc65c90c03fe7fc406c5859c592764d728ecd6c54498d4e9071124278,2013-06,City of London Police,City of London Police,-0.0947202041187,51.514420177,On or near WOOD STREET,E01032739,City of London 001F,No further action at this time
1d455e49280e0c07833b45106190911b7e2ee445f3e4392975b624e2e1b084cf,2013-06,City of London Police,City of London Police,-0.0947202041187,51.514420177,On or near WOOD STREET,E01032739,City of London 001F,No further action at this time
93481ffed6699ddda6d83f25c16fb04597029590c5e02b892b5870c3a4b0f157,2013-06,City of London Police,City of London Police,-0.0862775522642,51.5098763656,On or near FISH STREET HILL,E01032739,City of London 001F,No further action at this time
dba70644aeef0e7fa8bd4a6fcb5f95d4f25c133f8361464ecedd72632ca8f0db,2013-06,City of London Police,City of London Police,-0.0746134070085,51.5120595012,On or near HAYDON STREET,E01000005,City of London 001E,No further action at this time
b54150e4e35dcd9620c66bbd7ea9c89e438ecb698d7e776857cb505287eef529,2013-06,City of London Police,City of London Police,-0.0801455863071,51.5148479625,On or near BURY COURT,E01032739,City of London 001F,Suspect charged
1ab3e7a32a41e09f1de21c77ed1fc35d8b415cee1eba0436804e0922e8bb09eb,2013-06,City of London Police,City of London Police,-0.0819120692362,51.5163696314,On or near Conference/Exhibition Centre,E01032739,City of London 001F,Suspect charged
1aadaf508d951dc69e672689d90b713953efc5db662cfac78b7a866d8afece9e,2013-06,City of London Police,City of London Police,-0.105156831962,51.5133302942,On or near Theatre/Concert Hall,E01032740,City of London 001G,Suspect charged
afa0efb601bcc85f94ce3125806c49262ebfe783af2c2c99a196490ef85680e8,2013-06,City of London Police,City of London Police,-0.0753892023238,51.5117754792,On or near MINORIES,E01000005,City of London 001E,Suspect charged
db92078d8aea87b104e61604c98208a6eefaf62bfb4440c0bd7c7e31f635fd54,2013-06,City of London Police,City of London Police,-0.0976988656361,51.5114200495,On or near BOOTH LANE,E01032739,City of London 001F,Suspect charged
e688f74f287c61c175cb22b1cf85f193ef6f59e5c93904d91f30fc4fbc008691,2013-06,City of London Police,City of London Police,-0.0890397230422,51.5127450706,On or near MANSION HOUSE PLACE,E01032739,City of London 001F,No further action at this time
c52b43357a911f33d3e998f00c4a271d546e7a1fd228dff6cccb81fd06ef568e,2013-06,City of London Police,City of London Police,-0.0947202041187,51.514420177,On or near WOOD STREET,E01032739,City of London 001F,No further action at this time
7a0cbe3dd273ba2dcf4ccb242d9fe216d0b6ef40afd42b8b3cc7743382689d8e,2013-06,City of London Police,City of London Police,-0.104280827433,51.5160318875,On or near BEAR ALLEY,E01032740,City of London 001G,No further action at this time
85849e1ede85c3c57dab2a12e01f9823abff49c1933fb80847b342ff1d7b07a0,2013-06,City of London Police,City of London Police,-0.0788561452973,51.5184328707,On or near ARTILLERY LANE,E01032739,City of London 001F,No further action at this time
1d2f37d03c5e883a3eceea52a7350403c2b8045506511b6e336215a77eda58da,2013-06,City of London Police,City of London Police,-0.0847230293633,51.5149857487,On or near Conference/Exhibition Centre,E01032739,City of London 001F,No further action at this time
e3ba622e0cf46f76c100f5925621762784cca867e420ca204f08724d4636c861,2013-06,City of London Police,City of London Police,-0.0944676488202,51.5218529156,On or near GOLDEN LANE,E01000003,City of London 001C,No further action at this time
64727c635dc766c39c86c7e114e57a2567e8c1a3b248316877363425a17fe055,2013-06,City of London Police,City of London Police,-0.0947577682191,51.5128291042,On or near Nightclub,E01032739,City of London 001F,No further action at this time
7a5098d436f2554b4f24bf76d020138092f48b991e60b11ff9eda1866d4ef995,2013-06,City of London Police,City of London Police,-0.102411304314,51.5121168745,On or near QUEEN VICTORIA STREET,E01032739,City of London 001F,No further action at this time
2ce8a614dc5241a54bef11b013249d8b7ac5fecc8b903e0da434bd97bde2b6f4,2013-06,City of London Police,City of London Police,-0.0806651944145,51.5093440165,On or near Pedestrian Subway,E01032739,City of London 001F,No further action at this time
2cc885404abb8725903cd172140bae9d680967b2fd4994f3c6bab4a1309610f7,2013-06,City of London Police,City of London Police,-0.107146711898,51.5171303004,On or near ST ANDREW STREET,E01032740,City of London 001G,No further action at this time
da05c0edaaf5eabe4786c5739ec49a29c10ca84cb6928abab600dabb1cfe5980,2013-06,City of London Police,City of London Police,-0.0917323076148,51.5210800493,On or near Nightclub,E01002704,Islington 023D,No further action at this time
01cbef6a6a16f1c736a64ee1e86bd2af3e5b5c08e67007743902b8c647958729,2013-06,City of London Police,City of London Police,-0.0829650152995,51.5163508758,On or near WORMWOOD STREET,E01032739,City of London 001F,No further action at this time
37118db1e05586c5e36d1b6115651f886c1cac5bf272fd0a02b4bd028df2e51f,2013-06,City of London Police,City of London Police,-0.0760804712253,51.5114451026,On or near AMERICA SQUARE,E01000005,City of London 001E,No further action at this time
2083b40751d1ea9f2bdd5a42083c92c3630f5cbbf231acc94bba0e6d0fd97483,2013-06,City of London Police,City of London Police,-0.111180686667,51.5164759291,On or near CURSITOR STREET,E01032740,City of London 001G,No further action at this time
734e5317d3eadb745a9e11b6fb174e2b12054c355bb023714cb031125002ceab,2013-06,City of London Police,City of London Police,-0.0805725218839,51.5160059995,On or near OUTWICH STREET,E01032739,City of London 001F,No further action at this time
70846c4bc5aaa278354269169021eb436ba167c81372e0db2a7fcee86957b0d5,2013-06,City of London Police,City of London Police,-0.0794481913409,51.5115542539,On or near FENCHURCH PLACE,E01032739,City of London 001F,No further action at this time
7095a707fd4e223fd15e8b713c9692814801ad3b3dab6018b70c2cf708654279,2013-06,City of London Police,City of London Police,-0.0944640985504,51.5129592218,On or near WATLING COURT,E01032739,City of London 001F,No further action at this time
ba7ed28486a5ef146218e2543bd18ef956aa74f6ee37c7b8d22ee2cbd985a9c4,2013-06,City of London Police,City of London Police,-0.088233289952,51.5154836537,On or near TOKENHOUSE YARD,E01032739,City of London 001F,No further action at this time
e12a486f85756047d859c1854294af514ef0ee6e73a819c8ab02e05f76ebb42f,2013-06,City of London Police,City of London Police,-0.0816195284787,51.5168144754,On or near ALDERMAN'S WALK,E01032739,City of London 001F,No further action at this time
0afeef0f1c94764cfa9decf8b7dd7033e19c55163113261e1855b1794bdfa2bd,2013-06,City of London Police,City of London Police,-0.079785848322,51.5175758156,On or near Police Station,E01032739,City of London 001F,No further action at this time
9de4476c5cf929e1768e46f7548bc76088b4ca3425c40c11cd449731fc9e4d6d,2013-06,City of London Police,City of London Police,-0.088233289952,51.5154836537,On or near TOKENHOUSE YARD,E01032739,City of London 001F,No further action at this time
ed952b631c3926d088de885b6a8dd88fe40369865b27713607c1ea9baf7dc48e,2013-06,City of London Police,City of London Police,-0.0788561452973,51.5184328707,On or near ARTILLERY LANE,E01032739,City of London 001F,No further action at this time
93d3d02723e937726c75d45e6b2b01f3ba2ece1c4a25a95f5a2b84706ce5d016,2013-06,City of London Police,City of London Police,-0.11251921541,51.5175675884,On or near SOUTHAMPTON BUILDINGS,E01032740,City of London 001G,No further action at this time
0a9f2d4f4fe31bffa1a249962582d0616c7809bf18e45bc8542b43d1c47733ac,2013-06,City of London Police,City of London Police,-0.0884725947854,51.5183741664,On or near MOOR PLACE,E01032739,City of London 001F,No further action at this time
f5431a7503c3dd134eeadee1dbceacaf6d3e61ca0916066a65953bb6758a2112,2013-06,City of London Police,City of London Police,-0.102948345124,51.5127190706,On or near PLAYHOUSE YARD,E01032739,City of London 001F,No further action at this time
89f1d36e0f89f899684e6ec9cb1585366d7e96996df459a74743dff65a2bd050,2013-06,City of London Police,City of London Police,-0.0970534520962,51.5182619061,On or near ALDERSGATE STREET,E01000001,City of London 001A,No further action at this time
e182a7653dd99b3d6b012e01adad2520b8986cba0d6545c8c416aeb3d07790d9,2013-06,City of London Police,City of London Police,-0.09070974637,51.5131319715,On or near QUEEN VICTORIA STREET,E01032739,City of London 001F,No further action at this time
2272b9fc011785bc468a480ddcea2e7f7b8b49df1336f6cd928c496463817fc1,2013-06,City of London Police,City of London Police,-0.0880746751254,51.5123876253,On or near KING WILLIAM STREET,E01032739,City of London 001F,No further action at this time
37e7593ae7e035b97e7563f7fc15ab7d6c7eb1dc1b725bc4a64aa73a16491b48,2013-06,City of London Police,City of London Police,-0.0824584436402,51.5174306959,On or near LIVERPOOL STREET,E01032739,City of London 001F,No further action at this time
1d9878b4a38a3b31abd5d59c0c589f476a7183b34cce57f95752e43f34eadca8,2013-06,City of London Police,City of London Police,-0.0946283849777,51.514202864,On or near CHEAPSIDE,E01032739,City of London 001F,No further action at this time
421c8e1681ee881c0149b0ccf8d4fefebdcec0975c02f4e6de4c596b95d1272b,2013-06,City of London Police,City of London Police,-0.0917195405381,51.5134541527,On or near Supermarket,E01032739,City of London 001F,No further action at this time
cc73af53f33c9cc0e098a77f5bd84c996dc80781df7569225114a4e56393f849,2013-06,City of London Police,City of London Police,-0.101575141944,51.5138568907,On or near LUDGATE HILL,E01032739,City of London 001F,No further action at this time
6f243e09285e5c267e0ea059a004646a45e3ca8334309947c530d533ca3cba3b,2013-06,City of London Police,City of London Police,-0.0963634922042,51.5133767457,On or near NEW CHANGE,E01032739,City of London 001F,No further action at this time
0f0d371c99a5ee6c28c72294bf72c264a6afb61b98fdcdc4130ed53b4b1642ce,2013-06,City of London Police,City of London Police,-0.0845663458739,51.5176899528,On or near BLOMFIELD STREET,E01032739,City of London 001F,No further action at this time
b9ae29094ac0f89a752a50fa20d83e631b52a4bc868642214220d13c5b68f97c,2013-06,City of London Police,City of London Police,-0.110710153089,51.5139144699,On or near FLEET STREET,E01032740,City of London 001G,No further action at this time
9fac9334476f9111c6de1982ec44e3ce784507c37045d3666c7bf072526b9612,2013-06,City of London Police,City of London Police,-0.107148230403,51.5118786795,On or near TALLIS STREET,E01032740,City of London 001G,No further action at this time
a59fb139478168adb26483f4ad067cbeb2c5a68c817f26813edf63ae7eaddb89,2013-06,City of London Police,City of London Police,-0.0849798828485,51.5160780435,On or near GREAT WINCHESTER STREET,E01032739,City of London 001F,No further action at this time
0bb62c2ca8d768fbd6bd1c0d67ffffad50fdec6dbee655398517cf6e98926b78,2013-06,City of London Police,City of London Police,-0.100179031999,51.5141580166,On or near Shopping Area,E01032739,City of London 001F,No further action at this time
4df8db02b01e87cef931376127222c3442642d385755314d34cd005582bf615a,2013-06,City of London Police,City of London Police,-0.0917195405381,51.5134541527,On or near Supermarket,E01032739,City of London 001F,No further action at this time
dcf442ccebd349483daa4136b21469eba84202b2e929a7895473f5bdc11a13f4,2013-06,City of London Police,City of London Police,-0.0765915043358,51.5143670809,On or near Pedestrian Subway,E01000005,City of London 001E,No further action at this time
55061d614a81a13b8253debde05889ef05472f2834cdc1001393676a654aa4aa,2013-06,City of London Police,City of London Police,-0.0934925379789,51.5134470163,On or near BOW LANE,E01032739,City of London 001F,No further action at this time
80e4e2e0c2b66f4efcfe70543a7b6e6149b2a5de836d1191fab9ff13b9799042,2013-06,City of London Police,City of London Police,-0.0765915043358,51.5143670809,On or near Pedestrian Subway,E01000005,City of London 001E,No further action at this time
69129bf228e203a1eb6163fae2e9b45b7992bdb7d30a781dcd049da4803a6506,2013-06,City of London Police,City of London Police,-0.0928650777427,51.510181507,On or near Parking Area,E01032739,City of London 001F,Suspect charged
3b4658ca0d1ec5ea6a5606da60a15ba16a782260959645ece6d14bd905382047,2013-06,City of London Police,City of London Police,-0.0815160980276,51.510014397,On or near GREAT TOWER STREET,E01032739,City of London 001F,Offender given a caution
10c0ea9ecf292c82d1073850467261db4cde7267f305ab8e551f3b10b48bca96,2013-06,City of London Police,City of London Police,-0.0944676488202,51.5218529156,On or near GOLDEN LANE,E01000003,City of London 001C,No further action at this time
d19c197d68785a3182196359c9629a58ed1418f2e26cefbe0ded32beba5106f6,2013-06,City of London Police,City of London Police,-0.0910840831241,51.5138304921,On or near OLD JEWRY,E01032739,City of London 001F,No further action at this time
929053969f039dfa8844cfe210ee75fd1601b999cf62bb580c99dcfc057c7e4f,2013-06,City of London Police,City of London Police,-0.0803220229418,51.5106513168,On or near MARK LANE,E01032739,City of London 001F,No further action at this time
6483c91c670154d1d3d05fb5d8164f37f5fc233ebeb749c77138310033e0181f,2013-06,City of London Police,City of London Police,-0.0876704685278,51.5168773184,On or near COPTHALL AVENUE,E01032739,City of London 001F,No further action at this time
ef7e25c3a2a35cab34dc928af866ab4777cb125c5227054c6378aa4be76d8fb6,2013-06,City of London Police,City of London Police,-0.110735269069,51.5178356207,On or near Further/Higher Educational Building,E01032740,City of London 001G,No further action at this time
eaaff59b1c01ac66036ba5cfb795f434392c82dc2a1df579fd2e0f2c5b25e0c3,2013-06,City of London Police,City of London Police,-0.0946283849777,51.514202864,On or near CHEAPSIDE,E01032739,City of London 001F,No further action at this time
98a7a1f3cb4702f813e9bbf35007a15af0b2bb2ed304fb56f66215105a68e947,2013-06,City of London Police,City of London Police,-0.0856694716836,51.5151001183,On or near AUSTIN FRIARS,E01032739,City of London 001F,No further action at this time
d542dcde0160813586b0848f7bddf204bd181464d56f2be5c979bdedb2520755,2013-06,City of London Police,City of London Police,-0.0743303030004,51.5136465407,On or near LITTLE SOMERSET STREET,E01000005,City of London 001E,No further action at this time
cbd172722aa4754466919a84a203b49f9b0cf8524e127c0f45ded1b350701445,2013-06,City of London Police,City of London Police,-0.0963634922042,51.5133767457,On or near NEW CHANGE,E01032739,City of London 001F,No further action at this time
ca7bf20d0db479a0e97d914e2f76059d2f09b27a69a98ba7bf925ec04a8314a7,2013-06,City of London Police,City of London Police,-0.0829650152995,51.5163508758,On or near WORMWOOD STREET,E01032739,City of London 001F,No further action at this time
f238eb88d61da63da39e4679e95922bda114d1ae08d56739d5d9f9785069505d,2013-06,City of London Police,City of London Police,-0.0976446871061,51.515142089,On or near ST MARTIN'S LE GRAND,E01032739,City of London 001F,No further action at this time
e2e7b10651ad78accf50c1f732b42066e07d636da2e3f57b222b8391b5a6c21b,2013-06,City of London Police,City of London Police,-0.085355289067,51.510562734,On or near PUDDING LANE,E01032739,City of London 001F,Suspect charged
bfb8ac6ebb8723aaf416e6a938986a3ea018aaf047710dc6070770766fc0e530,2013-06,City of London Police,City of London Police,-0.0852565296251,51.5111995945,On or near TALBOT COURT,E01032739,City of London 001F,No further action at this time
88eae77eed4572628f5d6b6cb5676a4cdbd8da45c3d6e8c74aaf3d7e927567cc,2013-06,City of London Police,City of London Police,-0.0849798828485,51.5160780435,On or near GREAT WINCHESTER STREET,E01032739,City of London 001F,No further action at this time
ec959ac2a8bbfc88956b4ed3a9b95c736279f63739928aae855ba76798558841,2013-06,City of London Police,City of London Police,-0.0846211144273,51.5102000359,On or near BOTOLPH LANE,E01032739,City of London 001F,No further action at this time
3d4d65e936374e2f84de316d837fad731ef02fa541f0bf5c3b35eb0915df0429,2013-06,City of London Police,City of London Police,-0.0933414174635,51.5118888464,On or near GREAT ST THOMAS APOSTLE,E01032739,City of London 001F,No further action at this time
fd7968865c4f6b389797bcafb457a101115e84ad1883a27a1b5eb6b9a2ff5611,2013-06,City of London Police,City of London Police,-0.113237506783,51.5242516005,On or near PHOENIX PLACE,E01002726,Islington 022F,No further action at this time
090d6f7ef2792e7e8debc95c6550f337c9553846829aab53f6eef55488f8d3c7,2013-06,City of London Police,City of London Police,-0.0880746751254,51.5123876253,On or near KING WILLIAM STREET,E01032739,City of London 001F,No further action at this time
4f10f036aa1a4ebd54155befb30e5b6fda3b59e666b4eedf9fe5a1c793de9aa3,2013-06,City of London Police,City of London Police,-0.0864164344809,51.5161914156,On or near THROGMORTON AVENUE,E01032739,City of London 001F,No further action at this time
14241bd677f830fea40860af4271f7182573c44faf4e68523e4a2dd23da00743,2013-06,City of London Police,City of London Police,-0.0893638702691,51.5153312177,On or near KING'S ARMS YARD,E01032739,City of London 001F,No further action at this time
ae6f7ee664c809ff398acb218526694bdac4be9670380a5b4c636c926eda2e8a,2013-06,City of London Police,City of London Police,-0.0836175200293,51.5172877735,On or near BROAD STREET AVENUE,E01032739,City of London 001F,No further action at this time
d297d531f8ac3641fe4865d3cb20e8766e63ce9c5bb00cb282fe3570c32d2642,2013-06,City of London Police,City of London Police,-0.0845663458739,51.5176899528,On or near BLOMFIELD STREET,E01032739,City of London 001F,No further action at this time
33e98f95f9843c2fd78003128f87c50d0e000ed9b2569794c0b89d302c9f8b02,2013-06,City of London Police,City of London Police,-0.0889951663384,51.5120878872,On or near ST SWITHIN'S LANE,E01032739,City of London 001F,No further action at this time
58e549732ea6478096e7867c6de174d5ddfc08b359b2755ef62846fa0df3bb98,2013-06,City of London Police,City of London Police,-0.0976446871061,51.515142089,On or near ST MARTIN'S LE GRAND,E01032739,City of London 001F,No further action at this time
46456bf7468810f6525c8dc6069da19029e749ded31ba9d40257a1bd08606d8f,2013-06,City of London Police,City of London Police,-0.0816195284787,51.5168144754,On or near ALDERMAN'S WALK,E01032739,City of London 001F,No further action at this time
8d4361db5d4ea2c2c11ec7b5c414e44489fd6696801c923d87fad0ee42a8105e,2013-06,City of London Police,City of London Police,-0.113256200655,51.5168240731,On or near OLD SQUARE,E01000914,Camden 028B,No further action at this time
0efbe4a5bf142d3debfd0af26fb023dc344e647afa530044f27bb2590238e6ca,2013-06,City of London Police,City of London Police,-0.109708869052,51.5179090089,On or near HIGH HOLBORN,E01032740,City of London 001G,No further action at this time
6a50da0d758edf8660067030bd6653ff2c78e9dac953ed90a56b4a91f01dbf64,2013-06,City of London Police,City of London Police,-0.0846178942089,51.5126819337,On or near GRACECHURCH STREET,E01032739,City of London 001F,No further action at this time
4d056d8d41a574351634c345a036e55d25b2353e0a4dd0cef3fb1b46f3e2605c,2013-06,City of London Police,City of London Police,-0.079785848322,51.5175758156,On or near Police Station,E01032739,City of London 001F,No further action at this time
3ccf06b3aa11c783dff1cb1d8c273ab1c542bb784fdd65c92db29851b9c3e231,2013-06,City of London Police,City of London Police,-0.0797795146672,51.512243115,On or near FENCHURCH STREET,E01032739,City of London 001F,No further action at this time
342a908c34ae9483b924d04c6023b12ff3dbeccc53b102b6a22b9dcf7574f3bf,2013-06,City of London Police,City of London Police,-0.0960749745169,51.5147659088,On or near FOSTER LANE,E01032739,City of London 001F,No further action at this time
37b24113a645abde2e7ccf8ef93cb68d0ed3819b0edfeebd22085928f35f8fe2,2013-06,City of London Police,City of London Police,-0.0807284323807,51.5116111816,On or near Supermarket,E01032739,City of London 001F,No further action at this time
89c488da4cf0315052ed82acaa045f1bbc53a61d8221a3f6c90c287321ded8d5,2013-06,City of London Police,City of London Police,-0.0776366054781,51.511452634,On or near CRUTCHED FRIARS,E01032739,City of London 001F,No further action at this time
f4b5c827c8e6cbb2c69dc1bac242e25fe07d0f790a7a858cbe0fee59cce64992,2013-06,City of London Police,City of London Police,-0.107146711898,51.5171303004,On or near ST ANDREW STREET,E01032740,City of London 001G,No further action at this time
1d433f9c7b0f0a82ff3dce76088cff49bd17f93667c6ec67a572b42834799150,2013-06,City of London Police,City of London Police,-0.0977363568184,51.5202063815,On or near Conference/Exhibition Centre,E01000001,City of London 001A,No further action at this time
761323658beab49cfcb5a848918a56219ad715dfa3c73ebfeabe42e4e7e48025,2013-06,City of London Police,City of London Police,-0.0877600011237,51.517148555,On or near LONDON WALL,E01032739,City of London 001F,No further action at this time
8d4aa6f367f6d8683a0e98003ab3cda83721a44734f4754c07f61ce8f09d1bf2,2013-06,City of London Police,City of London Police,-0.0839926537756,51.5114397386,On or near PHILPOT LANE,E01032739,City of London 001F,No further action at this time
c4f61663cc2b7e33d81e50fccc83351c353f7b87201d87191ef6a73abe9029ff,2013-06,City of London Police,City of London Police,-0.079785848322,51.5175758156,On or near Police Station,E01032739,City of London 001F,No further action at this time
47f72c459829dbe196cd6976c5a65523d4f2a0cd80d1486f23de24ed4e03328b,2013-06,City of London Police,City of London Police,-0.0932566132041,51.5139197867,On or near BOW LANE,E01032739,City of London 001F,No further action at this time
86ca31ba1e318af81ffb0353e86bdf2d1ccaa736f2e400dc5affb8c8e14b55e8,2013-06,City of London Police,City of London Police,-0.0788561452973,51.5184328707,On or near ARTILLERY LANE,E01032739,City of London 001F,No further action at this time
61ba71c2c8935026c39a4694632dd2988a80b3cd7f9f1fad03790d9da52f21b4,2013-06,City of London Police,City of London Police,-0.086165625977,51.510827752,On or near EASTCHEAP,E01032739,City of London 001F,No further action at this time
bf5843c7724556ef22598063fd4eddfa042a023378bbbfaafbb8e9e963ae7322,2013-06,City of London Police,City of London Police,-0.0871183119346,51.5131993475,On or near Nightclub,E01032739,City of London 001F,No further action at this time
374fc99d6c144f11b0b564ebcff84698826ab986023eda822a86d4bc7fba028f,2013-06,City of London Police,City of London Police,-0.0954356266508,51.5148904169,On or near GUTTER LANE,E01032739,City of London 001F,No further action at this time
bd9f0a19af50f32a0e28df5b4419df7257a34442f7679cc9972c51013c4a3a9c,2013-06,City of London Police,City of London Police,-0.109154892293,51.516668102,On or near FETTER LANE,E01032740,City of London 001G,No further action at this time
25c61958cf8c595c88a8264883c9cf271efd7d864f69486ce66f151f748f29dc,2013-06,City of London Police,City of London Police,-0.0958919203335,51.5163905897,On or near NOBLE STREET,E01000001,City of London 001A,No further action at this time
3efd5a50a9c093d70795bf97a2749e65633630f01fbf9805c06c7906acb1854b,2013-06,City of London Police,City of London Police,-0.0882246978575,51.5146561977,On or near LOTHBURY,E01032739,City of London 001F,No further action at this time
10a961a91a7dadbae137ce1bb3eb9be58aae838df5e5bc0bb082c2f43911df51,2013-06,City of London Police,City of London Police,-0.0851491961452,51.5171958861,On or near BLOMFIELD STREET,E01032739,City of London 001F,No further action at this time
38409ab71b42b162759b0da5610a959763a3ae20e0c5e746686c49b28404473a,2013-06,City of London Police,City of London Police,-0.0969004334922,51.510867543,On or near BROKEN WHARF,E01032739,City of London 001F,No further action at this time
219ca43a83a14e8c37e110ba02bf6b093e17fa97adb2d38bde47c2895909b5db,2013-06,City of London Police,City of London Police,-0.105134456854,51.5138694855,On or near BRIDE LANE,E01032740,City of London 001G,No further action at this time
0d254d80a8fd2362e0ba60b24935128758a3b7e002a0296e81799fa18f167f06,2013-06,City of London Police,City of London Police,-0.0871183119346,51.5131993475,On or near Nightclub,E01032739,City of London 001F,No further action at this time
183ea93f5c33f4dc90ad0b5b998154edb3e2ef3536ae16c202458dda6dcc1ae2,2013-06,City of London Police,City of London Police,-0.079785848322,51.5175758156,On or near Police Station,E01032739,City of London 001F,No further action at this time
bf28f940df58083d10cc1797287366f035631ee4d0a8e50e2d1bb258c2fe2893,2013-06,City of London Police,City of London Police,-0.078778628534,51.5089714091,On or near GLOUCESTER COURT,E01004293,Tower Hamlets 027B,No further action at this time
4e3cf62fd9f408296e0a0d513a0a92c4fa99c0620b35e12fb37a5e447571d543,2013-06,City of London Police,City of London Police,-0.096643169796,51.5125449769,On or near DISTAFF LANE,E01032739,City of London 001F,No further action at this time
c3d949387b7667a12e52dfa487678282e46584f1a7e7cd2e985754df87e5f190,2013-06,City of London Police,City of London Police,-0.0963634922042,51.5133767457,On or near NEW CHANGE,E01032739,City of London 001F,No further action at this time
eb1b97e24b4e27182373af3a77909e1dae761ecca2a304067987b4a031a0a3f0,2013-06,City of London Police,City of London Police,-0.0847230293633,51.5149857487,On or near Conference/Exhibition Centre,E01032739,City of London 001F,No further action at this time
e7d58be7499569e69093b86dbb7b420ec50a46497f6e8cb2fa58143bc9394c96,2013-06,City of London Police,City of London Police,-0.0877600011237,51.517148555,On or near LONDON WALL,E01032739,City of London 001F,No further action at this time
add0f2234fa6bbcaa7864d4c75376fa834a1cd84fd697e7d4fbfef22e235fdc4,2013-06,City of London Police,City of London Police,-0.0976446871061,51.515142089,On or near ST MARTIN'S LE GRAND,E01032739,City of London 001F,No further action at this time
2b7a9c95931fd922cda9f7533ce5a4109494bedfffe2e885e2779678ebeb5f15,2013-06,City of London Police,City of London Police,-0.0826283918916,51.5181888499,On or near SUN STREET PASSAGE,E01032739,City of London 001F,No further action at this time
22766f111f3b78fa2365e5550f974716ff53f12e89e91e56a10a9f90e9c7147c,2013-06,City of London Police,City of London Police,-0.0923801739753,51.5135098624,On or near QUEEN STREET,E01032739,City of London 001F,No further action at this time
ab0d2be8d43b3a8e9a79532cd1126fc7f42bfaa42b9fceccab188b214f700f00,2013-06,City of London Police,City of London Police,-0.0860507491287,51.5135686116,On or near FINCH LANE,E01032739,City of London 001F,No further action at this time
3debda5415cbd7ff87b7479ad36bb0dfba5cc53d88f5ab30c8cc12c0c366d658,2013-06,City of London Police,City of London Police,-0.0934925379789,51.5134470163,On or near BOW LANE,E01032739,City of London 001F,No further action at this time
3d1c34f05e411603e21b15ee27e2945d436fc072dcf0aed4489ad9dd7d4a95f8,2013-06,City of London Police,City of London Police,-0.0783934631235,51.5157275192,On or near CLOTHIER STREET,E01000005,City of London 001E,Offender given penalty notice
14886c32637147f5c25e2bd25ea1ec14b16c1f04b8d9d9c23039cffe3b6ae6b3,2013-06,City of London Police,City of London Police,-0.101575141944,51.5138568907,On or near LUDGATE HILL,E01032739,City of London 001F,Suspect charged
8e65c85419a5ba89b17ac255271ce424c42313ea90fa64f50ff6da012c9d259b,2013-06,City of London Police,City of London Police,-0.0753892023238,51.5117754792,On or near MINORIES,E01000005,City of London 001E,Suspect charged
76f7adb0c53e18b1343547f8869211953768321e8dd1297f13a3f69de5c64365,2013-06,City of London Police,City of London Police,-0.111132301456,51.5124195149,On or near MIDDLE TEMPLE LANE,E01032740,City of London 001G,Suspect charged
28733ee5e8ba568a067e54c898f0e82c7eff5556c3ca73154520a95042c40ffb,2013-06,City of London Police,City of London Police,-0.0839926537756,51.5114397386,On or near PHILPOT LANE,E01032739,City of London 001F,No further action at this time
2b537fb551201b1ae42f6889bb1d0646371c8e81644726c54e4c9a00d5fbfd9f,2013-06,City of London Police,City of London Police,-0.0871183119346,51.5131993475,On or near Nightclub,E01032739,City of London 001F,No further action at this time
e975c7db3d1cefbb18f7ea0b8af9bdadbaa7c142134c588b16c01e0059907b75,2013-06,City of London Police,City of London Police,-0.08778725278,51.5106473734,On or near MARTIN LANE,E01032739,City of London 001F,No further action at this time
df4d866f01492b5f8acd9469ad5b3157f4ca0fc050d102a88621b31974b72cae,2013-06,City of London Police,City of London Police,-0.108418008235,51.5135807712,On or near LOMBARD LANE,E01032740,City of London 001G,No further action at this time
70d4b437404606cfbe5d153996e383671884d20ce648b37ad5196cf2e187d28a,2013-06,City of London Police,City of London Police,-0.0877600011237,51.517148555,On or near LONDON WALL,E01032739,City of London 001F,No further action at this time
4334774b1ddda2e44ce6914fee8fc3aa052b0ec73b0b2bdc16c801355b774abf,2013-06,City of London Police,City of London Police,,,No location,,,Offender imprisoned
458ee048875df0fb9bdebef7788a40572f46303063f02c0df37451414ee55290,2013-06,City of London Police,City of London Police,-0.102929537239,51.5183750784,On or near WEST SMITHFIELD,E01032740,City of London 001G,Offender imprisoned
6a9458464f0c799c7773d708f6ad8b6a4704f0ef0d6cd976f211e30a61cca300,2013-06,City of London Police,City of London Police,-0.106679606403,51.5158817905,On or near Parking Area,E01032740,City of London 001G,Offender imprisoned
c8d91cd6ed00e0e27937ef1250e6e9236e53c21302bf11de15c3627ec8511593,2013-06,City of London Police,City of London Police,-0.0807284323807,51.5116111816,On or near Supermarket,E01032739,City of London 001F,Offender imprisoned
a85055f6b77dad0ace8a6b51ef951ebf4b6a0e641a65f284a1ce75eb2ed484a9,2013-06,City of London Police,City of London Police,-0.0845663458739,51.5176899528,On or near BLOMFIELD STREET,E01032739,City of London 001F,Offender fined
5fecb6149a59675a56799a364db3de97389f7cbf3b0d5eaa54f2f64b869dd5bc,2013-06,City of London Police,City of London Police,-0.0887665878094,51.5203033649,On or near FINSBURY STREET,E01002704,Islington 023D,Offender required to pay compensation
809a049e0592a2d9fe73de58564119d9ce88f76d056e9bf08edd37a22af6b031,2013-06,City of London Police,City of London Police,-0.101073091923,51.5134530911,On or near CREED LANE,E01032739,City of London 001F,Suspect sent to Crown Court
3712df435e5f34abc4bb71b25287f65657ca5465fe662218f9e9295088f7f942,2013-06,City of London Police,City of London Police,-0.0849673133383,51.5125977138,On or near BELL INN YARD,E01032739,City of London 001F,Offender given community penalty
7c831ba3defa527702a2d227afb3af447924ae0d71c2b16b55cbbb136b6eed19,2013-06,City of London Police,City of London Police,-0.0825709103274,51.5147527486,On or near GREAT ST HELEN'S,E01032739,City of London 001F,Offender fined
5e073c2e17b6529cc08a5b40d5b0002f153400948b53ae805c93a927b2fb31e1,2013-06,City of London Police,City of London Police,-0.090348473298,51.5193579343,On or near MOOR LANE,E01000002,City of London 001B,Offender fined
c67d6d3b5ef918408e217dd3ca75768acba9ef2be51904223c215e3d99d8d262,2013-06,City of London Police,City of London Police,-0.0836175200293,51.5172877735,On or near BROAD STREET AVENUE,E01032739,City of London 001F,Suspect found not guilty
94e4d1cf243d1ba5c86822ee51c9028d8079ecd02dfd844e55f499fd38186d94,2013-06,City of London Police,City of London Police,-0.0832956703215,51.5170577001,On or near OLD BROAD STREET,E01032739,City of London 001F,Offender given suspended prison sentence
86c9f346db9ef5c1ee167a9ca0709c595d7123da7cb09f0dd36c11576b020b58,2013-06,City of London Police,City of London Police,-0.0917195405381,51.5134541527,On or near Supermarket,E01032739,City of London 001F,Offender given suspended prison sentence
41cfc405f16e9c95b0228bb605cd65a0a796bdcd9936caa9a675196ced25044d,2013-06,City of London Police,City of London Police,-0.0887665878094,51.5203033649,On or near FINSBURY STREET,E01002704,Islington 023D,Offender required to pay compensation
60c308f9297fc8374fe4d17a7288326561aa1daa2505690f0cd9ad749a6dcb25,2013-06,City of London Police,City of London Police,-0.100592598873,51.5208461772,On or near CHARTERHOUSE MEWS,E01033490,Islington 022H,Suspect found not guilty
5807a2a6d1e88fce235f988bf0ca388ac7ef3849d5e1a94277fdc7b25fd091f6,2013-06,City of London Police,City of London Police,-0.0788561452973,51.5184328707,On or near ARTILLERY LANE,E01032739,City of London 001F,Offender imprisoned
1aadaf508d951dc69e672689d90b713953efc5db662cfac78b7a866d8afece9e,2013-06,City of London Police,City of London Police,-0.105156831962,51.5133302942,On or near Theatre/Concert Hall,E01032740,City of London 001G,Offender given conditional discharge
7ca035bcf19f4afc9c911c5e3910ebd21e936147a7ecd84ef00e5902309503f9,2013-06,City of London Police,City of London Police,-0.0917195405381,51.5134541527,On or near Supermarket,E01032739,City of London 001F,Offender imprisoned
687a1a887dfd78645daec4bdbb8b82a980337bb951c8e1a7f49d69ab7cdd25a1,2013-06,City of London Police,City of London Police,-0.0791952720172,51.5137982567,On or near CREECHURCH LANE,E01032739,City of London 001F,Offender imprisoned
8450a0fd4f0641bb7e1a7f9e1394cb0f2209bf637939e8555f8e8ba64d2926bd,2013-06,City of London Police,City of London Police,-0.079785848322,51.5175758156,On or near Police Station,E01032739,City of London 001F,Offender imprisoned
f906f06b5d9bfbe7baef7d52c39a2cb9810f5fc7e2402eef85af4cac5d9aee38,2013-06,City of London Police,City of London Police,-0.0980621229496,51.5175768478,On or near MONTAGUE STREET,E01000001,City of London 001A,Offender imprisoned
8be1ff4c3b91306b771a17cc5ba8650ab4e6f60c482f7f172c3011d974efd13d,2013-06,City of London Police,City of London Police,-0.0867279442225,51.5104772237,On or near KING WILLIAM STREET,E01032739,City of London 001F,Offender given community penalty
9cf3376f29c2e4740477cceee5ccead0a20701ef0ce966f035590ea5569fcb57,2013-06,City of London Police,City of London Police,-0.0830861015641,51.51140694,On or near ROOD LANE,E01032739,City of London 001F,Offender fined
75fd886cba678d996675be6e38ac3179919ac64f5fbe0d50362b367c3cb822d8,2013-06,City of London Police,City of London Police,-0.0866241195247,51.511923334,On or near CLEMENT'S LANE,E01032739,City of London 001F,Offender given suspended prison sentence
d357f558c1635c7c5925c01719dfeb693ec61ae075aae2d25d541329398b4a48,2013-06,City of London Police,City of London Police,-0.085355289067,51.510562734,On or near PUDDING LANE,E01032739,City of London 001F,Offender fined
67663ac989b5719587e1e72caf07fa671c253638d4a25a0dc3d974171ed746d2,2013-06,City of London Police,City of London Police,-0.0830861015641,51.51140694,On or near ROOD LANE,E01032739,City of London 001F,Offender fined
f383aeae0b47294b7a15f4a2904b654428e3f8762eb94a643a99c2c6e1ffe609,2013-06,City of London Police,City of London Police,-0.0767790895677,51.5208627961,On or near FOLGATE STREET,E01004307,Tower Hamlets 015B,Offender given suspended prison sentence
e5d717d663d4c53a09a68145b23eeaadcbf23813c24fd89d1fc02dad2357e251,2013-06,City of London Police,City of London Police,-0.0856694716836,51.5151001183,On or near AUSTIN FRIARS,E01032739,City of London 001F,Court case unable to proceed
61cafa7d83ac75ab8f37ce3053d7a6f64c119f37ffc779b268635363fafb5e92,2013-06,City of London Police,City of London Police,-0.077601142553,51.5187989884,On or near STEWARD STREET,E01004307,Tower Hamlets 015B,Offender imprisoned
cb4cfa6aec3fe1900d82dd7894fd5ff49000b04431b01ff0f2f9e1ad3bebca6a,2013-06,City of London Police,City of London Police,-0.0856694716836,51.5151001183,On or near AUSTIN FRIARS,E01032739,City of London 001F,Court case unable to proceed
3dddff66a1f610d7a3d19119353959fa16e5206c17595bab3c7cc845bd3957c9,2013-06,City of London Police,City of London Police,-0.0887665878094,51.5203033649,On or near FINSBURY STREET,E01002704,Islington 023D,Offender given suspended prison sentence
29e63340c7afa37aec8ffc2c9e0e9ef429b4537451dff602e4e7fc734d3843fa,2013-06,City of London Police,City of London Police,-0.0976446871061,51.515142089,On or near ST MARTIN'S LE GRAND,E01032739,City of London 001F,Suspect found not guilty
7a94f61b3480cf34e5976d1e9981cb0908d42088cc63173304b4fcdb590ad141,2013-06,City of London Police,City of London Police,-0.0765915043358,51.5143670809,On or near Pedestrian Subway,E01000005,City of London 001E,Offender imprisoned
2513b2daf6e7082499e887b845237614b7e47ca48f9a97dc7a79a52d9c1bb9b3,2013-06,City of London Police,City of London Police,-0.0732539359283,51.5128555009,On or near MANSELL STREET,E01000005,City of London 001E,Court case unable to proceed
9bbb0ae710e672cf8245f304a66204525927b7c8eb199dd2c9f1f0e0e3a8a957,2013-06,City of London Police,City of London Police,-0.0830861015641,51.51140694,On or near ROOD LANE,E01032739,City of London 001F,Suspect sent to Crown Court
cb22f46baf9d337fb5075ff9267fb66d51176519bdb34ebdf62905dcb39ce42a,2013-06,City of London Police,City of London Police,-0.0832956703215,51.5170577001,On or near OLD BROAD STREET,E01032739,City of London 001F,Court case unable to proceed
edca0f3aaf873ba8a806ea71334af676899420f8ec43a80d15e2202bfa09e444,2013-06,City of London Police,City of London Police,-0.107146711898,51.5171303004,On or near ST ANDREW STREET,E01032740,City of London 001G,Offender given suspended prison sentence
ccb928f98d2a481f28b2fb4a4daf4dfa55fbdc772544153d37339a8f1bf94eab,2013-06,City of London Police,City of London Police,-0.0824584436402,51.5174306959,On or near LIVERPOOL STREET,E01032739,City of London 001F,Offender fined
8140be56ecacdcf9629f8981a3db9cfad61d9ea2b1a9efd3e40ddf3f61c9c96c,2013-06,City of London Police,City of London Police,-0.0830861015641,51.51140694,On or near ROOD LANE,E01032739,City of London 001F,Offender given community penalty
21adca6684c27a47d7c52b264933ede273bba002fa3e93285c2c771fb84b409f,2013-06,City of London Police,City of London Police,-0.110735269069,51.5178356207,On or near Further/Higher Educational Building,E01032740,City of London 001G,Offender given conditional discharge
e493b7090887e75e2f00bf91c1a6488241eda1672f18eb793fa454d5b85a80c3,2013-06,City of London Police,City of London Police,-0.0932566132041,51.5139197867,On or near BOW LANE,E01032739,City of London 001F,Offender given community penalty
38df3dcde5d6c42af4742a755cd278a03ba59e432b8fb314c66f7238befb19b0,2013-06,City of London Police,City of London Police,-0.0896984899409,51.5118115827,On or near OXFORD COURT,E01032739,City of London 001F,Offender fined
27d157a5c27035a2c87c0439fd146899007632939479ae652a633bf12e489811,2013-06,City of London Police,City of London Police,-0.0963634922042,51.5133767457,On or near NEW CHANGE,E01032739,City of London 001F,Suspect found not guilty
f987f7fb5e6b287f394e96787ea19f95e8ba8af9a9554f0b9b5ab01cb4bba5cc,2013-06,City of London Police,City of London Police,-0.0862715907377,51.5131135942,On or near BIRCHIN LANE,E01032739,City of London 001F,Offender fined
